ntaname,street_light_count,area_km2,lights_per_km2,demo_lat,demo_lng,matched_to,match_score,match_type
Throgs Neck-Schuylerville,4658,66.47728587101376,70.06904597516125,40.63004982985863,-74.10286125150702,New Brighton-Silver Lake,0.4444444444444444,random_fallback
Bay Ridge,2694,61.63590890679672,43.70828706483027,40.62485336898197,-74.02988693800246,Bay Ridge,1.0,exact
Eastchester-Edenwald-Baychester,2531,56.39593688558912,44.87911966308246,40.88093691934991,-73.83664167378643,Eastchester-Edenwald-Baychester,1.0,exact
Soundview-Bruckner-Bronx River,2327,32.20799408270029,72.2491439244858,40.82790035263108,-73.86968223679948,Soundview-Bruckner,0.75,fuzzy
Great Kills-Eltingville,2220,116.7465271013429,19.01555493871701,40.55185914595754,-74.15089010593556,Great Kills,0.6470588235294118,fuzzy
Pelham Gardens,2204,30.064146671223053,73.30991376880274,40.86447337153666,-73.84742948839316,Allerton-Pelham Gardens,0.7567567567567568,fuzzy
Pelham Bay-Country Club-City Island,2204,35.309702921094235,62.41910346641056,40.8465985970897,-73.80649439874875,Pelham Bay-Country Club-City Island,1.0,exact
Annadale-Huguenot-Prince's Bay-Woodrow,2189,180.4275834058679,12.132291297588864,40.52864423519035,-74.18773889422252,Annadale-Huguenot-Prince's Bay-Eltingville,0.775,fuzzy
Riverdale-Spuyten Duyvil,2147,62.98312170284418,34.08849771101527,40.88240605126617,-73.9106670757526,Spuyten Duyvil-Kingsbridge,0.56,fuzzy
Sunset Park (West),2096,50.3788275480134,41.60477926967263,40.65237970624285,-74.01123799592385,Sunset Park West,0.9411764705882353,fuzzy
Castle Hill-Unionport,1983,32.897732364600444,60.27771087753769,40.83210014033775,-73.84864285146143,Westchester-Unionport,0.6190476190476191,fuzzy
Wakefield-Woodlawn,1973,39.64681779987582,49.7643974847883,40.64752618542977,-73.8824124164684,Starrett City,0.5,random_fallback
Sheepshead Bay-Manhattan Beach-Gerritsen Beach,1963,63.3705624736583,30.97652795516805,40.588299158956026,-73.94151093066239,Sheepshead Bay-Gerritsen Beach-Manhattan Beach,0.6521739130434783,fuzzy
East Harlem (North),1946,26.119316340160303,74.50424715014026,40.801168060718624,-73.93734582243346,East Harlem North,0.9444444444444444,fuzzy
Central Park,1889,38.312407395132304,49.30517627143427,40.804332551229045,-73.95129428611357,Central Harlem South,0.625,fuzzy
Forest Hills,1883,57.95458198338404,32.490959913055164,40.72143004417155,-73.84767249027793,Forest Hills,1.0,exact
Elmhurst,1866,42.10214372823605,44.32078356971064,40.7394945859165,-73.87711832519282,Elmhurst,1.0,exact
Carroll Gardens-Cobble Hill-Gowanus-Red Hook,1855,60.81150351225171,30.50409696951947,40.67877128940797,-74.00390006853307,Carroll Gardens-Columbia Street-Red Hook,0.6904761904761905,fuzzy
Westerleigh-Castleton Corners,1851,76.52921517397503,24.186841532244824,40.616884641613446,-74.12535268878561,Westerleigh,0.55,fuzzy
New Springville-Willowbrook-Bulls Head-Travis,1828,209.3849966910449,8.730329435672413,40.59586234814858,-74.17636811853525,New Springville-Bloomfield-Travis,0.717948717948718,fuzzy
West New Brighton-Silver Lake-Grymes Hill,1825,85.3588579069527,21.38032355106463,40.63004982985863,-74.10286125150702,New Brighton-Silver Lake,0.7384615384615385,fuzzy
Borough Park,1748,40.48128688624485,43.1804454466084,40.63094925332768,-73.9886605712506,Borough Park,1.0,exact
Breezy Point-Belle Harbor-Rockaway Park-Broad Channel,1729,69.2334979241534,24.97346012899929,40.57148853716913,-73.87649471105493,Breezy Point-Belle Harbor-Rockaway Park-Broad Channel,1.0,exact
Crown Heights (North),1721,35.41634002286152,48.59338934765934,40.67446929975344,-73.93929041319083,Crown Heights North,0.95,fuzzy
Rockaway Beach-Arverne-Edgemere,1715,50.502502115270914,33.95871349276018,40.5940601122309,-73.78962266309935,Hammels-Arverne-Edgemere,0.6909090909090909,fuzzy
Hunts Point,1700,45.02704752797716,37.75508485080484,40.8120888143296,-73.88554635644437,Hunts Point,1.0,exact
Morris Park,1694,27.83325487394588,60.86244701426269,40.63094925332768,-73.9886605712506,Borough Park,0.6086956521739131,fuzzy
Bedford-Stuyvesant (West),1685,36.90665823926673,45.6557185176752,40.68816813873349,-73.93188771074401,Stuyvesant Heights,0.6046511627906976,fuzzy
Todt Hill-Emerson Hill-Lighthouse Hill-Manor Heights,1680,186.31132399694357,9.017165269179026,40.58655987380662,-74.1329806924484,Todt Hill-Emerson Hill-Heartland Village-Lighthouse Hill,0.7037037037037037,fuzzy
Maspeth,1669,58.31460850372408,28.62061570546966,40.723994904363686,-73.90233095237254,Maspeth,1.0,exact
South Ozone Park,1667,81.83659334391739,20.369860619618542,40.67615490927328,-73.81945904281719,South Ozone Park,1.0,exact
Ridgewood,1619,42.54911560339031,38.05014456918578,40.70653139100058,-73.90171532195556,Ridgewood,1.0,exact
Williamsbridge-Olinville,1606,36.24228627463955,44.31287772051496,40.88215575728128,-73.85894950836337,Williamsbridge-Olinville,1.0,exact
Grasmere-Arrochar-South Beach-Dongan Hills,1557,80.11301446168292,19.435044486369865,40.600321300345456,-74.07177435374626,Grasmere-Arrochar-Ft. Wadsworth,0.6027397260273972,fuzzy
Soundview-Clason Point,1540,30.323642868734517,50.78545498858357,40.81805467805519,-73.85618751910155,Soundview-Castle Hill-Clason Point-Harding Park,0.6376811594202898,fuzzy
Bensonhurst,1532,48.63493079342947,31.499993420510258,40.61222123098064,-73.9952602221249,Bensonhurst West,0.8148148148148148,fuzzy
East New York-New Lots,1532,46.45749276432268,32.97638139388592,40.6609452253228,-73.87683885477028,East New York,0.7428571428571429,fuzzy
East Williamsburg,1523,52.26747191202279,29.13858168926806,40.71536831304266,-73.93679732464393,East Williamsburg,1.0,exact
Flatlands,1440,54.33718059194637,26.50119097665201,40.62627275131258,-73.93009704576421,Flatlands,1.0,exact
Upper East Side-Carnegie Hill,1411,20.065364282650783,70.3201785985017,40.774729278752346,-73.96117506690167,Upper East Side-Carnegie Hill,1.0,exact
Washington Heights (North),1407,24.77332983379753,56.7949488195354,40.85710596998177,-73.93283360000339,Washington Heights North,0.96,fuzzy
Bedford-Stuyvesant (East),1394,41.28970087480488,33.761445844007646,40.68816813873349,-73.93188771074401,Stuyvesant Heights,0.6046511627906976,fuzzy
Westchester Square,1380,15.382066627535156,89.71486299049617,40.83210014033775,-73.84864285146143,Westchester-Unionport,0.6666666666666666,fuzzy
Financial District-Battery Park City,1376,19.22674450420836,71.5669779508861,40.6173147077249,-73.97032564506422,Ocean Parkway South,0.4927536231884058,random_fallback
Bayside,1375,70.4100601954772,19.52845937331443,40.62485336898197,-74.02988693800246,Bay Ridge,0.75,fuzzy
Crown Heights (South),1359,20.053831062198267,67.76759990572239,40.66653577436102,-73.94877538132481,Crown Heights South,0.95,fuzzy
New Dorp-Midland Beach,1357,62.17951164529023,21.823908938705625,40.57176567065867,-74.10500821486329,New Dorp-Midland Beach,1.0,exact
Downtown Brooklyn-DUMBO-Boerum Hill,1355,23.731476118362348,57.097164678751774,40.69292656112427,-73.9859864892024,DUMBO-Vinegar Hill-Downtown Brooklyn-Boerum Hill,0.6987951807228916,fuzzy
Auburndale,1319,55.46403421224512,23.78117673432411,40.75103495410493,-73.78794869239438,Auburndale,1.0,exact
Mott Haven-Port Morris,1313,40.974743773997645,32.04412960437407,40.80734708109762,-73.91682097286562,Mott Haven-Port Morris,1.0,exact
Woodside,1311,32.950011151276044,39.78754343909317,40.74927748044024,-73.90373167132262,Woodside,1.0,exact
Astoria (North)-Ditmars-Steinway,1310,58.30161263835379,22.469361321546277,40.72143004417155,-73.84767249027793,Forest Hills,0.40816326530612246,random_fallback
Chelsea-Hudson Yards,1299,29.67175353274773,43.779010181057785,40.69150702435704,-73.9499047902708,Bedford,0.4878048780487805,random_fallback
Queens Village,1296,69.6556112413606,18.605823377377124,40.71545381259689,-73.7415315891986,Queens Village,1.0,exact
Concourse-Concourse Village,1296,26.502979762249243,48.90016185448015,40.83051084711268,-73.9157892332181,East Concourse-Concourse Village,0.9152542372881356,fuzzy
Prospect Lefferts Gardens-Wingate,1290,24.038690326320104,53.66348925372076,40.65874451122331,-73.94744179595176,Prospect Lefferts Gardens-Wingate,1.0,exact
Upper West Side (Central),1275,25.410668938479475,50.175774714425664,40.79037956272708,-73.97390846559182,Upper West Side,0.75,fuzzy
Pelham Parkway-Van Nest,1257,15.588352171403155,80.63713124893134,40.85440442277069,-73.85439425201002,Pelham Parkway,0.7567567567567568,fuzzy
Murray Hill-Broadway Flushing,1256,56.4526995453265,22.24871458966357,40.74422078382171,-73.97751534559363,Murray Hill-Kips Bay,0.6122448979591837,fuzzy
Jackson Heights,1256,39.316344358934266,31.94600160517177,40.75731157212677,-73.88532113068389,Jackson Heights,1.0,exact
St. Albans,1253,74.27682999135466,16.86932520068292,40.69120120369265,-73.76314603925711,St. Albans,1.0,exact
Far Rockaway-Bayswater,1253,60.4748853136477,20.71934479084045,40.60244612993298,-73.75531156568272,Far Rockaway-Bayswater,1.0,exact
Middle Village,1246,34.9433103737944,35.65775499434172,40.718337922973774,-73.88005335042449,Middle Village,1.0,exact
Park Slope,1240,25.831650564815245,48.003126896156544,40.67122805634757,-73.9839036056946,Park Slope-Gowanus,0.7142857142857143,fuzzy
Howard Beach-Lindenwood,1216,52.60488121280773,23.115725612625088,40.75573353978241,-73.98350369427419,Midtown-Midtown South,0.5365853658536586,random_fallback
Bushwick (East),1202,27.933972288648206,43.030041971097255,40.69645843083918,-73.92511224089102,Bushwick South,0.7586206896551724,fuzzy
Tribeca-Civic Center,1194,13.578254263831663,87.93472097370075,40.72076597664417,-74.00474760847034,SoHo-TriBeCa-Civic Center-Little Italy,0.6896551724137931,fuzzy
Sunnyside,1181,47.7017603203879,24.757996184372185,40.73831653484746,-73.8921732178861,Elmhurst-Maspeth,0.47058823529411764,random_fallback
East New York (North),1161,27.9069854163544,41.60248707191485,40.6609452253228,-73.87683885477028,East New York,0.7647058823529411,fuzzy
Chinatown-Two Bridges,1149,11.54151653985393,99.55364150217142,40.71560692264425,-73.99462992141895,Chinatown,0.6,fuzzy
Canarsie,1142,70.53350399452196,16.190887100812322,40.63804208840069,-73.89975063058162,Canarsie,1.0,exact
Lower East Side,1122,16.472925540195696,68.11176298115355,40.71784075827647,-73.98091101368149,Lower East Side,1.0,exact
University Heights (South)-Morris Heights,1119,19.64254889312909,56.968166712387465,40.85252185493298,-73.91597458920813,University Heights-Morris Heights,0.8918918918918919,fuzzy
Brownsville,1115,30.785980676992548,36.21778405237807,40.6640017673255,-73.91025480251241,Brownsville,1.0,exact
Jamaica,1115,46.82885088104274,23.810108064201387,40.70436902856429,-73.79398114018684,Jamaica,1.0,exact
West Village,1096,14.416863901366474,76.02208132769553,40.73304503430226,-74.00154637509021,West Village,1.0,exact
Glendale,1081,30.00647477382837,36.02555808864452,40.70353544504304,-73.87574952517902,Glendale,1.0,exact
Harlem (South),1075,14.426378720015098,74.51627472586377,40.79001121108353,-73.94575082038801,East Harlem South,0.7741935483870968,fuzzy
Marine Park-Mill Basin-Bergen Beach,1074,58.87142644938872,18.24314552533068,40.61458021129835,-73.91524608365415,Georgetown-Marine Park-Bergen Beach-Mill Basin,0.5925925925925926,fuzzy
Washington Heights (South),1047,21.02768070544939,49.791511230654486,40.84170618152056,-73.94139992937578,Washington Heights South,0.96,fuzzy
Midtown-Times Square,1036,24.5525417580103,42.19522403060383,40.77484651389744,-73.98469934498604,Lincoln Square,0.5882352941176471,fuzzy
Kingsbridge-Marble Hill,1033,12.312577184187788,83.89795122069263,40.8652655491918,-73.90591118084832,Kingsbridge Heights,0.6666666666666666,fuzzy
SoHo-Little Italy-Hudson Square,1030,12.91676145109336,79.74135032994775,40.72833276866509,-73.80244456956682,Pomonok-Flushing Heights-Hillcrest,0.4927536231884058,random_fallback
Baisley Park,1025,47.948738839097246,21.376996034027453,40.67895311790504,-73.79098785454724,Baisley Park,1.0,exact
Bedford Park,1021,24.55369080338644,41.58234328906609,40.69150702435704,-73.9499047902708,Bedford,0.7368421052631579,fuzzy
Harlem (North),1012,23.79288288948502,42.533727615128186,40.801168060718624,-73.93734582243346,East Harlem North,0.7741935483870968,fuzzy
Allerton,1006,15.7540885684321,63.85643927480601,40.73548935844569,-73.72665581511916,Bellerose,0.5882352941176471,fuzzy
Sunset Park (Central),1005,18.75428379730361,53.58775684862428,40.65237970624285,-74.01123799592385,Sunset Park West,0.7567567567567568,fuzzy
Flushing Meadows-Corona Park,1002,55.2077546914576,18.149624189571348,40.7348944309144,-73.78371651615551,Fresh Meadows-Utopia,0.5833333333333334,fuzzy
East Harlem (South),975,16.65393935289744,58.54470701133965,40.79001121108353,-73.94575082038801,East Harlem South,0.9444444444444444,fuzzy
Springfield Gardens (South)-Brookville,974,57.43686877094356,16.95774893099207,40.66218856065352,-73.76448816042088,Springfield Gardens South-Brookville,0.972972972972973,fuzzy
Mariner's Harbor-Arlington-Graniteville,972,89.3892496099566,10.873790799690685,40.63130729750147,-74.1673703489538,Mariner's Harbor-Arlington-Port Ivory-Graniteville,0.8764044943820225,fuzzy
Crotona Park East,969,15.97875902661556,60.64300728147614,40.83399605266621,-73.88589758743139,Crotona Park East,1.0,exact
Oakwood-Richmondtown,954,55.93746659386207,17.05475878853407,40.67895311790504,-73.79098785454724,Baisley Park,0.5454545454545454,random_fallback
Arden Heights-Rossville,952,67.77404546095336,14.04667514717674,40.55265913254923,-74.18848262908412,Arden Heights,0.7222222222222222,fuzzy
Williamsburg,950,28.852799789820523,32.92574748101801,40.70391655389162,-73.95859673320767,Williamsburg,1.0,exact
Long Island City-Hunters Point,948,27.59535609142739,34.35360634083283,40.66218856065352,-73.76448816042088,Springfield Gardens South-Brookville,0.5365853658536586,random_fallback
Tremont,938,15.829279391837954,59.2572774022588,40.84496706103915,-73.88552360563546,East Tremont,0.7368421052631579,fuzzy
Jamaica Estates-Holliswood,937,39.4106291472806,23.77531189614756,40.720655589111615,-73.77610096403608,Jamaica Estates-Holliswood,1.0,exact
Hell's Kitchen,929,18.382315637101403,50.5377025582664,40.8465985970897,-73.80649439874875,Pelham Bay-Country Club-City Island,0.46153846153846156,random_fallback
Whitestone-Beechhurst,925,52.63762774457705,17.57298038750041,40.78819139238638,-73.81564326334313,Whitestone,0.6451612903225806,fuzzy
Coney Island-Sea Gate,925,47.5890707530253,19.437236015817696,40.57648167401005,-73.99123397878813,Seagate-Coney Island,0.5853658536585366,fuzzy
Melrose,922,17.271763917240524,53.381924649842375,40.73548935844569,-73.72665581511916,Bellerose,0.75,fuzzy
Longwood,918,15.396655975983,59.623336485011656,40.81967476734645,-73.89895694003862,Longwood,1.0,exact
Rego Park,917,20.193352238331272,45.410984227737046,40.72615506162364,-73.86333841937243,Rego Park,1.0,exact
Greenpoint,915,35.321743213541644,25.90472374107537,40.72949958453045,-73.94951665949719,Greenpoint,1.0,exact
St. George-New Brighton,907,26.50890513580913,34.21491741561192,40.57908866829565,-73.97339108560791,West Brighton,0.6111111111111112,fuzzy
Tompkinsville-Stapleton-Clifton-Fox Hills,904,24.241468580761563,37.29147006866695,40.61797266305365,-74.08783923646041,Grymes Hill-Clifton-Fox Hills,0.6571428571428571,fuzzy
Dyker Heights,903,29.119072647304897,31.01060294526848,40.62243840833855,-74.01209582462705,Dyker Heights,1.0,exact
East Village,899,18.984614229765683,47.35413578172538,40.72762025919606,-73.98593461272795,East Village,1.0,exact
Rosebank-Shore Acres-Park Hill,897,35.251145432239674,25.445981655382745,40.72143004417155,-73.84767249027793,Forest Hills,0.45,random_fallback
East Elmhurst,889,28.76395545803297,30.906736776764376,40.76335208101168,-73.86839538853384,East Elmhurst,1.0,exact
Flushing-Willets Point,877,38.53428365602896,22.75895428155409,40.8120888143296,-73.88554635644437,Hunts Point,0.6060606060606061,fuzzy
Morningside Heights,874,15.92280225161968,54.889835732971946,40.80788623117016,-73.96254425320333,Morningside Heights,1.0,exact
Port Richmond,874,36.23693621920318,24.11903684994312,40.62816628196562,-74.14078838716847,Port Richmond,1.0,exact
Astoria (East)-Woodside (North),872,26.0420253246278,33.48433883809161,40.83051084711268,-73.9157892332181,East Concourse-Concourse Village,0.4782608695652174,random_fallback
Kingsbridge Heights-Van Cortlandt Village,868,10.970030172775754,79.12466842198023,40.87651315575785,-73.89562227427858,Van Cortlandt Village,0.6774193548387096,fuzzy
Laurelton,866,39.84060918762802,21.73661541974928,40.67591668660703,-73.7445256715016,Laurelton,1.0,exact
Inwood,865,14.436977061276211,59.915590107859806,40.8771420843508,-73.87902101022011,Norwood,0.7692307692307693,fuzzy
Gravesend (West),863,33.835122012679115,25.50604072527376,40.58840296110426,-73.98143078176672,Gravesend,0.72,fuzzy
University Heights (North)-Fordham,861,18.313376134763907,47.01481549137089,40.85252185493298,-73.91597458920813,University Heights-Morris Heights,0.6268656716417911,fuzzy
Tottenville-Charleston,859,126.77414153265644,6.77582975214804,40.72615506162364,-73.86333841937243,Rego Park,0.47619047619047616,random_fallback
Bellerose,857,55.32194497626856,15.491140095808762,40.73548935844569,-73.72665581511916,Bellerose,1.0,exact
Flatbush,855,24.024171372072747,35.58915671879978,40.63789978715603,-73.96097009708939,Flatbush,1.0,exact
Norwood,851,15.721129296288847,54.13097138008325,40.8771420843508,-73.87902101022011,Norwood,1.0,exact
Co-op City,845,29.055522792996857,29.08225076589113,40.87397902636265,-73.82827906285274,Co-op City,1.0,exact
Mount Eden-Claremont (West),845,13.607447522805622,62.09834714290161,40.70805703900249,-73.82870064046404,Kew Gardens,0.5116279069767442,random_fallback
Midwood,841,32.218509960662864,26.103007278325958,40.620923819191,-73.95682436570154,Midwood,1.0,exact
Hamilton Heights-Sugar Hill,836,15.98358614675178,52.30365653391832,40.82703361624959,-73.94846702950599,Hamilton Heights,0.7441860465116279,fuzzy
Douglaston-Little Neck,835,68.14946984563096,12.252479760905016,40.76372773581352,-73.73693629884,Douglas Manor-Douglaston-Little Neck,0.7586206896551724,fuzzy
Ocean Hill,825,20.089686091439788,41.06584822903392,40.67663749517718,-73.91364769992019,Ocean Hill,1.0,exact
Woodhaven,814,23.72749805780716,34.3061876147606,40.68873078299361,-73.85576443952485,Woodhaven,1.0,exact
Parkchester,812,9.184335462143569,88.41140476052298,40.837746580017225,-73.85798884511959,Parkchester,1.0,exact
East Midtown-Turtle Bay,802,13.138094964484289,61.04385774102075,40.81802262790601,-73.95382228386433,Manhattanville,0.5217391304347826,random_fallback
East New York-City Line,794,31.529103428439623,25.183082094361197,40.6609452253228,-73.87683885477028,East New York,0.7222222222222222,fuzzy
Brooklyn Heights,791,9.982087829144517,79.24193951595296,40.69546832851589,-73.99486984704659,Brooklyn Heights-Cobble Hill,0.7272727272727273,fuzzy
South Williamsburg,791,15.208960644968329,52.00881365037204,40.71536831304266,-73.93679732464393,East Williamsburg,0.8571428571428571,fuzzy
West Farms,789,11.701247249450292,67.42870936575297,40.8341650961031,-73.87228750653439,West Farms-Bronx River,0.625,fuzzy
Gravesend (East)-Homecrest,787,34.87988712540222,22.56314641072465,40.70353544504304,-73.87574952517902,Glendale,0.5142857142857142,random_fallback
Corona,786,24.025747985011503,32.714902382658266,40.742348765084486,-73.85837094931922,Corona,1.0,exact
Mapleton-Midwood (West),775,31.35643648232251,24.71581872630564,40.82790035263108,-73.86968223679948,Soundview-Bruckner,0.5,random_fallback
Mount Hope,769,12.681766111715012,60.63824180526577,40.849058039018615,-73.90512219226589,Mount Hope,1.0,exact
Queensbridge-Ravenswood-Dutch Kills,769,27.72157360972178,27.740127989354708,40.75755966788254,-73.93874945488471,Queensbridge-Ravenswood-Long Island City,0.6933333333333334,fuzzy
Belmont,769,16.39395739334195,46.90752705703095,40.857781246675664,-73.88586705501739,Belmont,1.0,exact
Kew Gardens Hills,768,34.30434798072616,22.387832598698555,40.726399074267846,-73.81866803304418,Kew Gardens Hills,1.0,exact
Flatbush (West)-Ditmas Park-Parkville,767,22.904661236815343,33.486633662460726,40.88215575728128,-73.85894950836337,Williamsbridge-Olinville,0.4473684210526316,random_fallback
Cypress Hills,767,24.37895089699347,31.461567121602027,40.68217835519416,-73.87833457162118,Cypress Hills-City Line,0.7222222222222222,fuzzy
Richmond Hill,758,30.269757058299756,25.041495990208546,40.69454072774216,-73.83092664699727,Richmond Hill,1.0,exact
Bath Beach,757,20.556858931951755,36.8246920653518,40.6042600658534,-74.00748232867538,Bath Beach,1.0,exact
Oakland Gardens-Hollis Hills,754,39.63481585300732,19.02367864647944,40.74267484494343,-73.75461553922048,Oakland Gardens,0.6976744186046512,fuzzy
Bushwick (West),753,23.13429866480977,32.54907403548868,40.69645843083918,-73.92511224089102,Bushwick South,0.7586206896551724,fuzzy
Glen Oaks-Floral Park-New Hyde Park,729,45.42133389437411,16.04972680228341,40.74599278399856,-73.7110246215747,Glen Oaks-Floral Park-New Hyde Park,1.0,exact
College Point,729,66.70929816231478,10.9280118376635,40.780922523998726,-73.84280515034222,College Point,1.0,exact
Highbridge,726,13.048098277205188,55.64029213884064,40.83782568456671,-73.92615915396179,Highbridge,1.0,exact
Fort Greene,704,17.533688094551266,40.15127885266613,40.69079489529017,-73.97488140753956,Fort Greene,1.0,exact
East Flatbush-Farragut,701,24.121899048849805,29.06073019294165,40.64455986671754,-73.93799547157359,East Flatbush-Farragut,1.0,exact
Madison,700,27.379162640025484,25.566888556944868,40.60491346581794,-73.94813561940448,Madison,1.0,exact
Cambria Heights,700,33.07325267373087,21.165139301704965,40.694341232489606,-73.73555405757143,Cambria Heights,1.0,exact
Greenwich Village,693,10.600456491884982,65.37454311807379,40.71545381259689,-73.7415315891986,Queens Village,0.7096774193548387,fuzzy
Upper West Side-Lincoln Square,689,15.797387651984929,43.614806142547735,40.79037956272708,-73.97390846559182,Upper West Side,0.6666666666666666,fuzzy
Murray Hill-Kips Bay,678,15.77115187007319,42.989884669524365,40.74422078382171,-73.97751534559363,Murray Hill-Kips Bay,1.0,exact
Jamaica Hills-Briarwood,668,27.64523237144502,24.163298431522048,40.720655589111615,-73.77610096403608,Jamaica Estates-Holliswood,0.6530612244897959,fuzzy
Morrisania,665,13.811283489526534,48.14903701776068,40.8275124823054,-73.90235217516867,Morrisania-Melrose,0.7142857142857143,fuzzy
South Jamaica,660,37.8661944475364,17.42979482436319,40.694427428721774,-73.7909647356485,South Jamaica,1.0,exact
Upper East Side-Lenox Hill-Roosevelt Island,657,21.50094264340048,30.55679980624757,40.76496406028794,-73.95508830482413,Lenox Hill-Roosevelt Island,0.7714285714285715,fuzzy
Midtown South-Flatiron-Union Square,650,14.879022024268124,43.6856669033644,40.74758029546748,-73.99901947528726,Hudson Yards-Chelsea-Flatiron-Union Square,0.7272727272727273,fuzzy
Pelham Bay Park,649,99.281768690008,6.536950424668626,40.85440442277069,-73.85439425201002,Pelham Parkway,0.7586206896551724,fuzzy
East Flushing,642,31.660004303541832,20.277950496935937,40.75410898834923,-73.80729436771166,East Flushing,1.0,exact
Fresh Meadows-Utopia,638,33.196056452008925,19.219150350655287,40.7348944309144,-73.78371651615551,Fresh Meadows-Utopia,1.0,exact
Rosedale,635,47.2350300851112,13.443412629478908,40.657840451009406,-73.73945614384682,Rosedale,1.0,exact
Claremont Village-Claremont (East),632,9.998338908470824,63.21049984258435,40.70056056088577,-73.91776505475892,Bushwick North,0.4727272727272727,random_fallback
Upper West Side-Manhattan Valley,631,13.200450282521624,47.80139968675848,40.774729278752346,-73.96117506690167,Upper East Side-Carnegie Hill,0.6557377049180327,fuzzy
Ozone Park,608,25.107770393829416,24.21561096278881,40.67559944628966,-73.84704845867414,Ozone Park,1.0,exact
East Flatbush-Rugby,602,27.205193679820056,22.12812770550295,40.64455986671754,-73.93799547157359,East Flatbush-Farragut,0.7804878048780488,fuzzy
Astoria (Central),594,21.084822114165178,28.171923708141684,40.76149380908551,-73.9196970603857,Astoria,0.5833333333333334,fuzzy
Manhattanville-West Harlem,588,10.734805164633508,54.77509754319558,40.81802262790601,-73.95382228386433,Manhattanville,0.7,fuzzy
Queensboro Hill,588,26.42771174956079,22.249372385022028,40.74308477396169,-73.81964085528148,Queensboro Hill,1.0,exact
Upper East Side-Yorkville,581,13.644967550639429,42.57980078323992,40.774729278752346,-73.96117506690167,Upper East Side-Carnegie Hill,0.7407407407407407,fuzzy
Pomonok-Electchester-Hillcrest,579,36.97415642777559,15.65958647713855,40.72833276866509,-73.80244456956682,Pomonok-Flushing Heights-Hillcrest,0.6875,fuzzy
Ozone Park (North),578,18.08730286023296,31.956118856769983,40.67559944628966,-73.84704845867414,Ozone Park,0.7142857142857143,fuzzy
Brighton Beach,576,13.564182119227342,42.4647792942499,40.58092262132186,-73.9612156481629,Brighton Beach,1.0,exact
Clinton Hill,571,14.5666112779253,39.19923372056419,40.68796656177439,-73.96236315621668,Clinton Hill,1.0,exact
East Flatbush-Erasmus,555,19.77095552953122,28.07148087359839,40.64455986671754,-73.93799547157359,East Flatbush-Farragut,0.7906976744186046,fuzzy
Bay Terrace-Clearview,550,39.31993025362201,13.987817283814636,40.783329902416696,-73.78596214909544,Ft. Totten-Bay Terrace-Clearview,0.7924528301886793,fuzzy
Spring Creek-Starrett City,546,27.08635243302517,20.15775292557616,40.64752618542977,-73.8824124164684,Starrett City,0.6666666666666666,fuzzy
Bronx Park,542,33.460998166595395,16.19796269380531,40.72615506162364,-73.86333841937243,Rego Park,0.7368421052631579,fuzzy
Windsor Terrace-South Slope,536,15.312258918842945,35.0046327482361,40.65361174631733,-73.97798244270679,Windsor Terrace,0.7142857142857143,fuzzy
East Flatbush-Remsen Village,518,18.39071774408163,28.16638302040708,40.64455986671754,-73.93799547157359,East Flatbush-Farragut,0.68,fuzzy
North Corona,516,13.961424618890456,36.95897905016283,40.75257945994805,-73.8630363331089,North Corona,1.0,exact
Forest Park,511,24.009809334841453,21.282967843416834,40.72615506162364,-73.86333841937243,Rego Park,0.7,fuzzy
Van Cortlandt Park,491,50.65865966449573,9.692321179672245,40.87651315575785,-73.89562227427858,Van Cortlandt Village,0.7692307692307693,fuzzy
Springfield Gardens (North)-Rochdale Village,483,34.46427164916911,14.014513491441926,40.66218856065352,-73.76448816042088,Springfield Gardens South-Brookville,0.775,fuzzy
Gravesend (South),481,25.83576673819056,18.617601129250925,40.58840296110426,-73.98143078176672,Gravesend,0.6923076923076923,fuzzy
Kew Gardens,480,20.284909550152754,23.66291054013526,40.70805703900249,-73.82870064046404,Kew Gardens,1.0,exact
Kensington,474,17.4712286390886,27.130318639383717,40.57908866829565,-73.97339108560791,West Brighton,0.6086956521739131,fuzzy
Prospect Heights,428,10.308912650007494,41.51747274720471,40.67764227897385,-73.9675858923376,Prospect Heights,1.0,exact
Fordham Heights,395,7.37903980986308,53.52999986150357,40.55265913254923,-74.18848262908412,Arden Heights,0.7142857142857143,fuzzy
Gramercy,368,7.525999550138818,48.89715944684214,40.73682427063006,-73.98405431448676,Gramercy,1.0,exact
Sunset Park (East)-Borough Park (West),362,11.74914908022312,30.81074191230924,40.65237970624285,-74.01123799592385,Sunset Park West,0.5925925925925926,fuzzy
Hollis,353,24.46921135599064,14.42629248913563,40.710639193502985,-73.76113695137757,Hollis,1.0,exact
Hutchinson Metro Center,346,12.181373930070547,28.404020924591727,40.857781246675664,-73.88586705501739,Belmont,0.46153846153846156,random_fallback
Old Astoria-Hallets Point,285,11.091067349405206,25.696354644829025,40.77157035250593,-73.92833296716643,Old Astoria,0.6111111111111112,fuzzy
South Richmond Hill,275,15.849140115305325,17.351099050126752,40.69454072774216,-73.83092664699727,Richmond Hill,0.8125,fuzzy
Highland Park-Cypress Hills Cemeteries (North),249,31.22704963975698,7.9738560918346755,40.83210014033775,-73.84864285146143,Westchester-Unionport,0.43478260869565216,random_fallback
Marine Park-Plumb Island,220,43.509594572164254,5.056356009824726,40.79113033358176,-73.8826548893381,Rikers Island,0.5945945945945946,fuzzy
Prospect Park,214,27.32796241537067,7.830807022759781,40.72615506162364,-73.86333841937243,Rego Park,0.6363636363636364,fuzzy
Yankee Stadium-Macombs Dam Park,213,2.811052607658481,75.77232792431528,40.86447337153666,-73.84742948839316,Allerton-Pelham Gardens,0.4,random_fallback
Freshkills Park (North),207,68.18051941317496,3.036057832671777,40.801168060718624,-73.93734582243346,East Harlem North,0.55,fuzzy
Ferry Point Park-St. Raymond Cemetery,199,21.745542631410192,9.1513007227769,40.6173147077249,-73.97032564506422,Ocean Parkway South,0.4473684210526316,random_fallback
Alley Pond Park,184,26.132359345358584,7.041078747169477,40.67895311790504,-73.79098785454724,Baisley Park,0.6666666666666666,fuzzy
Cunningham Park,172,21.30489241842104,8.073263014990966,40.63094925332768,-73.9886605712506,Borough Park,0.5925925925925926,fuzzy
Soundview Park,168,7.794401417876949,21.55393223842455,40.82790035263108,-73.86968223679948,Soundview-Bruckner,0.6875,fuzzy
Astoria Park,166,2.674946313083012,62.05732024904699,40.76149380908551,-73.9196970603857,Astoria,0.7368421052631579,fuzzy
Crotona Park,163,6.339739135434566,25.71083707355523,40.83399605266621,-73.88589758743139,Crotona Park East,0.8275862068965517,fuzzy
Jacob Riis Park-Fort Tilden-Breezy Point Tip,145,52.63487860211018,2.7548272904003017,40.7149151141874,-73.95862359439853,North Side-South Side,0.38596491228070173,random_fallback
Highbridge Park,143,7.751471677966063,18.44810971914978,40.83782568456671,-73.92615915396179,Highbridge,0.8,fuzzy
Dyker Beach Park,141,9.98904332860636,14.115465852090953,40.62243840833855,-74.01209582462705,Dyker Heights,0.5517241379310345,fuzzy
St. John Cemetery,118,8.754117378639897,13.479371465582672,40.75103495410493,-73.78794869239438,Auburndale,0.42424242424242425,random_fallback
Woodlawn Cemetery,106,17.886282875876066,5.926329172785608,40.8979310336939,-73.85221554990895,Woodlawn-Wakefield,0.5714285714285714,fuzzy
Stuyvesant Town-Peter Cooper Village,96,5.575562348209058,17.217994168935522,40.7318117003964,-73.97656317646208,Stuyvesant Town-Cooper Village,0.9090909090909091,fuzzy
Sunnyside Yards (North),92,4.500282018375029,20.443163256070683,40.67209037742177,-73.77303852138289,Springfield Gardens North,0.625,fuzzy
Canarsie Park & Pier,90,11.552097188531846,7.790793180769464,40.63804208840069,-73.89975063058162,Canarsie,0.5714285714285714,fuzzy
Mount Olivet & All Faiths Cemeteries,87,7.6467945137186675,11.37731631782682,40.65874451122331,-73.94744179595176,Prospect Lefferts Gardens-Wingate,0.41379310344827586,random_fallback
Inwood Hill Park,81,10.007647073044591,8.09381060391028,40.68796656177439,-73.96236315621668,Clinton Hill,0.5714285714285714,fuzzy
Claremont Park,80,1.8621173918121603,42.96184566653246,40.72615506162364,-73.86333841937243,Rego Park,0.6956521739130435,fuzzy
Green-Wood Cemetery,66,21.10159877298627,3.1277250937256715,40.59586234814858,-74.17636811853525,New Springville-Bloomfield-Travis,0.4827586206896552,random_fallback
Highland Park-Cypress Hills Cemeteries (South),64,8.100960684984084,7.90029756824153,40.723994904363686,-73.90233095237254,Maspeth,0.43478260869565216,random_fallback
Fort Hamilton,54,8.46473955796222,6.379404780293066,40.72143004417155,-73.84767249027793,Forest Hills,0.64,fuzzy
Sunnyside Yards (South),52,8.783519495519291,5.920178127517858,40.83051084711268,-73.9157892332181,East Concourse-Concourse Village,0.5416666666666666,random_fallback
Jamaica Bay (East),49,69.92035627977344,0.7007973443947498,40.70436902856429,-73.79398114018684,Jamaica,0.56,fuzzy
LaGuardia Airport,49,30.59195043058395,1.6017285367660905,40.66458608419112,-73.79857374376691,Airport,0.5833333333333334,fuzzy
Kissena Park,46,11.016176893832604,4.175677319211627,40.67895311790504,-73.79098785454724,Baisley Park,0.6666666666666666,fuzzy
Miller Field,42,10.8668040384289,3.864981815396045,40.79113033358176,-73.8826548893381,Rikers Island,0.56,fuzzy
Calvary & Mount Zion Cemeteries,39,14.29177771226734,2.728841770784356,40.54577792998101,-74.12835189244991,park-cemetery-etc-Staten Island,0.40816326530612246,random_fallback
John F. Kennedy International Airport,38,197.1897646422241,0.1927077709583263,40.70653139100058,-73.90171532195556,Ridgewood,0.4482758620689655,random_fallback
The Battery-Governors Island-Ellis Island-Liberty Island,38,11.993214614841262,3.1684582674753505,40.62485336898197,-74.02988693800246,Bay Ridge,0.3956043956043956,random_fallback
Rockaway Community Park,32,8.929721824996028,3.583538281161881,40.71159477432245,-73.80871203795361,Briarwood-Jamaica Hills,0.48484848484848486,random_fallback
Freshkills Park (South),32,47.75867306571525,0.6700353662667399,40.6173147077249,-73.97032564506422,Ocean Parkway South,0.5714285714285714,fuzzy
Brooklyn Navy Yard,32,10.106873832216277,3.1661620132229267,40.69645843083918,-73.92511224089102,Bushwick South,0.48484848484848486,random_fallback
Spring Creek Park,29,11.848271065593174,2.44761449492953,40.76335208101168,-73.86839538853384,East Elmhurst,0.5384615384615384,random_fallback
McGuire Fields,25,10.589588049451576,2.360809493556713,40.55185914595754,-74.15089010593556,Great Kills,0.56,fuzzy
Barren Island-Floyd Bennett Field,23,54.67651255366276,0.4206559439471645,40.62816628196562,-74.14078838716847,Port Richmond,0.4074074074074074,random_fallback
Holy Cross Cemetery,20,4.276575352389316,4.676639215260414,40.89953428370783,-73.90698518340791,North Riverdale-Fieldston-Riverdale,0.42857142857142855,random_fallback
Snug Harbor,17,3.7683548726411007,4.511252409751242,40.85440442277069,-73.85439425201002,Pelham Parkway,0.5,random_fallback
Lincoln Terrace Park,17,1.2146172297307911,13.996178865145763,40.65361174631733,-73.97798244270679,Windsor Terrace,0.6285714285714286,fuzzy
Fort Totten,17,6.9572615138043865,2.443490152881147,40.69079489529017,-73.97488140753956,Fort Greene,0.6363636363636364,fuzzy
United Nations,16,1.091249940178968,14.662085568935703,40.81802262790601,-73.95382228386433,Manhattanville,0.5217391304347826,random_fallback
Montefiore Cemetery,15,5.322023193488069,2.8184770067055944,40.652364630781015,-73.92225096183998,Rugby-Remsen Village,0.4375,random_fallback
Great Kills Park,14,23.37875757256889,0.5988342176244081,40.55185914595754,-74.15089010593556,Great Kills,0.8148148148148148,fuzzy
Middle Village Cemetery,13,5.511491457573031,2.3587081827256453,40.718337922973774,-73.88005335042449,Middle Village,0.7567567567567568,fuzzy
Fort Wadsworth,13,9.86718739368362,1.3174980347816054,40.85815439457896,-73.89953704400477,Fordham South,0.5925925925925926,fuzzy
The Evergreens Cemetery,7,5.585430565375155,1.2532605889676534,40.69645843083918,-73.92511224089102,Bushwick South,0.47058823529411764,random_fallback
Randall's Island,5,23.466559833738,0.2130691518239274,40.79113033358176,-73.8826548893381,Rikers Island,0.6206896551724138,fuzzy
St. Michael's Cemetery,3,4.388674602161971,0.683577679357254,40.70391655389162,-73.95859673320767,Williamsburg,0.46153846153846156,random_fallback
Calvert Vaux Park,1,4.222272752735313,0.23683927082924,40.67895311790504,-73.79098785454724,Baisley Park,0.5517241379310345,fuzzy
